<?xml version="1.0" encoding="utf-8"?>
<state><branchmode>0000001111</branchmode><vparam><tau>0.01</tau><taueff>0.009893296770846844</taueff><etrial>-1454.8417710487672</etrial><eref>-1454.8110802014464</eref><branchmax>-1454.8680594387322</branchmax><branchcutoff>375</branchcutoff><branchfilter>250</branchfilter><sigma>0.0080000000000000002</sigma><acc_energy>39.649252448384196</acc_energy><acc_samples>-8439359.1332278289</acc_samples></vparam><iparam><warmupsteps>0</warmupsteps><energyupdateinterval>1</energyupdateinterval><counter>1</counter><targetwalkers>12000</targetwalkers><maxwalkers>12001</maxwalkers><minwalkers>1201</minwalkers><brnachinterval>1</brnachinterval></iparam><energy><value>-8439359.1332278289</value><value_squared>12277673286.714582</value_squared><weight>5801</weight></energy><variance><value>239866.04986286623</value><value_squared>9635075.9407831151</value_squared><weight>6001</weight></variance><r2accepted><value>895568899.24134409</value><value_squared>133750397821793.8</value_squared><weight>6001</weight></r2accepted><r2proposed><value>905227974.03628814</value><value_squared>136651060132355.94</value_squared><weight>6001</weight></r2proposed></state>