<?xml version="1.0" encoding="utf-8"?>
<state><branchmode>0000001111</branchmode><vparam><tau>0.01</tau><taueff>0.0098933227815683495</taueff><etrial>-1454.8426345631333</etrial><eref>-1454.8141280943357</eref><branchmax>-1454.8607260524686</branchmax><branchcutoff>375</branchcutoff><branchfilter>250</branchfilter><sigma>0.0080000000000000002</sigma><acc_energy>39.88637501814565</acc_energy><acc_samples>-8439376.8036732003</acc_samples></vparam><iparam><warmupsteps>0</warmupsteps><energyupdateinterval>1</energyupdateinterval><counter>1</counter><targetwalkers>12000</targetwalkers><maxwalkers>12001</maxwalkers><minwalkers>1201</minwalkers><brnachinterval>1</brnachinterval></iparam><energy><value>-8439376.8036732003</value><value_squared>12277724701.446779</value_squared><weight>5801</weight></energy><variance><value>242271.49316657751</value><value_squared>14544865.881877162</value_squared><weight>6001</weight></variance><r2accepted><value>905687260.46756709</value><value_squared>136799372323488.38</value_squared><weight>6001</weight></r2accepted><r2proposed><value>915453059.06211638</value><value_squared>139765424546733.67</value_squared><weight>6001</weight></r2proposed></state>