<?xml version="1.0" encoding="utf-8"?>
<state><branchmode>0000001111</branchmode><vparam><tau>0.01</tau><taueff>0.0098932837400611661</taueff><etrial>-1454.7689548565854</etrial><eref>-1454.8110797828861</eref><branchmax>-1454.789448766692</branchmax><branchcutoff>375</branchcutoff><branchfilter>250</branchfilter><sigma>0.0080000000000000002</sigma><acc_energy>39.738241980653704</acc_energy><acc_samples>-8439359.0521895047</acc_samples></vparam><iparam><warmupsteps>0</warmupsteps><energyupdateinterval>1</energyupdateinterval><counter>1</counter><targetwalkers>12000</targetwalkers><maxwalkers>12001</maxwalkers><minwalkers>1201</minwalkers><brnachinterval>1</brnachinterval></iparam><energy><value>-8439359.0521895047</value><value_squared>12277673050.196114</value_squared><weight>5801</weight></energy><variance><value>239635.19206595604</value><value_squared>9614591.6061047055</value_squared><weight>6001</weight></variance><r2accepted><value>895169562.68083954</value><value_squared>133644375083012.44</value_squared><weight>6001</weight></r2accepted><r2proposed><value>904825522.24394715</value><value_squared>136543117245573.2</value_squared><weight>6001</weight></r2proposed></state>