<?xml version="1.0"?>
<simulation>
   <project id="dmc" series="2">
      <application name="qmcpack" role="molecu" class="serial" version="1.0"/>
   <host>node19.cluster</host><date>Sat Jul 16 09:36:53 2022
</date></project>
   <qmcsystem>
      <simulationcell>
         <parameter name="lattice" units="bohr">
                 26.07010216        0.00000000        0.00000000
                  6.51793153       33.86423913        0.00000000
                  0.08614051        0.03163483       43.03221100
         </parameter>
         <parameter name="bconds">
            p p p
         </parameter>
         <parameter name="LR_dim_cutoff">    30                 </parameter>
         <parameter name="LR_handler">    ewald              </parameter>
      </simulationcell>
      <particleset name="e" random="yes">
         <group name="u" size="228" mass="1.0">
            <parameter name="charge">    -1                    </parameter>
            <parameter name="mass">    1.0                   </parameter>
         </group>
         <group name="d" size="192" mass="1.0">
            <parameter name="charge">    -1                    </parameter>
            <parameter name="mass">    1.0                   </parameter>
         </group>
      </particleset>
      <particleset name="ion0">
         <group name="Cr" size="12" mass="94782.90965410302">
            <parameter name="charge">    14                    </parameter>
            <parameter name="valence">    14                    </parameter>
            <parameter name="atomicnumber">    24                    </parameter>
            <parameter name="mass">    94782.90965410302            </parameter>
            <attrib name="position" datatype="posArray" condition="0">
                     6.60356469        7.55696364       43.03218022
                    13.03529829        3.76275562        0.00004464
                    19.63861577        7.55696364       43.03218022
                    26.07034937        3.76275562        0.00004464
                    13.12122556       18.84504335       43.03218022
                    19.55295916       15.05083533        0.00004464
                    26.15627664       18.84504335       43.03218022
                     6.51790808       15.05083533        0.00004464
                    19.63888643       30.13312306       43.03218022
                    26.07062003       26.33891504        0.00004464
                     6.60383535       30.13312306       43.03218022
                    13.03556895       26.33891504        0.00004464
            </attrib>
         </group>
         <group name="I" size="36" mass="231324.5487173181">
            <parameter name="charge">    7                     </parameter>
            <parameter name="valence">    7                     </parameter>
            <parameter name="atomicnumber">    53                    </parameter>
            <parameter name="mass">    231324.5487173181            </parameter>
            <attrib name="position" datatype="posArray" condition="0">
                     4.30553393        4.01226785       40.07033669
                     8.43804136       11.28798593        2.96224334
                     8.81541824        3.97924780        2.96071849
                    10.82344455        7.34047112       40.07150886
                    11.20082301        0.03173371       40.06998273
                    15.33333042        7.30745175        2.96189323
                    17.34058501        4.01226785       40.07033669
                    21.47309244       11.28798593        2.96224334
                    21.85046932        3.97924780        2.96071849
                    23.85849563        7.34047112       40.07150886
                    24.23587409        0.03173371       40.06998273
                     2.29827934        7.30745175        2.96189323
                    10.82319480       15.30034756       40.07033669
                    14.95570223       22.57606564        2.96224334
                    15.33307911       15.26732751        2.96071849
                    17.34110542       18.62855083       40.07150886
                    17.71848388       11.31981342       40.06998273
                    21.85099129       18.59553146        2.96189323
                    23.85824588       15.30034756       40.07033669
                    27.99075331       22.57606564        2.96224334
                    28.36813019       15.26732751        2.96071849
                     4.30605434       18.62855083       40.07150886
                     4.68343280       11.31981342       40.06998273
                     8.81594021       18.59553146        2.96189323
                    17.34085567       26.58842727       40.07033669
                    21.47336310       33.86414535        2.96224334
                    21.85073998       26.55540722        2.96071849
                    23.85876629       29.91663054       40.07150886
                    24.23614475       22.60789313       40.06998273
                    28.36865216       29.88361117        2.96189323
                    30.37590675       26.58842727       40.07033669
                     8.43831202       33.86414535        2.96224334
                     8.81568890       26.55540722        2.96071849
                    10.82371521       29.91663054       40.07150886
                    11.20109367       22.60789313       40.06998273
                    15.33360108       29.88361117        2.96189323
            </attrib>
         </group>
      </particleset>
      <wavefunction name="psi0" target="e">
         <sposet_builder type="bspline" href="../nscf-twod-20-1.0-6.0/pwscf_output/pwscf.pwscf.h5" tilematrix="2 0 0 -1 3 0 0 0 1" twistnum="3" source="ion0" version="0.10" meshfactor="1.0" precision="float" truncate="no">
            <sposet type="bspline" name="spo_u" size="228" spindataset="0"/>
            <sposet type="bspline" name="spo_d" size="192" spindataset="1"/>
         </sposet_builder>
         <determinantset>
            <slaterdeterminant>
               <determinant id="updet" group="u" sposet="spo_u" size="228"/>
               <determinant id="downdet" group="d" sposet="spo_d" size="192"/>
            </slaterdeterminant>
         </determinantset>
         <jastrow type="One-Body" name="J1" function="bspline" source="ion0" print="yes">
            <correlation elementType="Cr" size="8" rcut="13.034051080000003" cusp="0.0">
               <coefficients id="eCr" type="Array">                  
-4.93627033 -3.172196255 -1.83280708 -1.014502282 -0.5695863528 -0.3007773289 
-0.1441872061 -0.04922869023
               </coefficients>
            </correlation>
            <correlation elementType="I" size="8" rcut="13.034051080000003" cusp="0.0">
               <coefficients id="eI" type="Array">                  
-1.99848053 -1.672140645 -1.264747908 -0.8600489952 -0.52490968 -0.2703364506 
-0.1129840598 -0.03072866464
               </coefficients>
            </correlation>
         </jastrow>
         <jastrow type="Two-Body" name="J2" function="bspline" print="yes">
            <correlation speciesA="u" speciesB="u" size="8" rcut="13.034051080000003">
               <coefficients id="uu" type="Array">                  
0.5228415282 0.2936745243 0.1652484 0.09595448233 0.05705127863 0.03325558827 
0.01556942167 0.005309831788
               </coefficients>
            </correlation>
            <correlation speciesA="u" speciesB="d" size="8" rcut="13.034051080000003">
               <coefficients id="ud" type="Array">                  
0.5673878799 0.3112741405 0.1597789017 0.09564152657 0.05440426117 0.03015178487 
0.01475672223 0.006396759157
               </coefficients>
            </correlation>
         </jastrow>
      </wavefunction>
      <hamiltonian name="h0" type="generic" target="e">
         <pairpot type="coulomb" name="ElecElec" source="e" target="e"/>
         <pairpot type="coulomb" name="IonIon" source="ion0" target="ion0"/>
         <pairpot type="pseudo" name="PseudoPot" source="ion0" wavefunction="psi0" format="xml">
            <pseudo elementType="I" href="I.ccECP.AREP.xml"/>
            <pseudo elementType="Cr" href="Cr.opt.xml"/>
         </pairpot>
      </hamiltonian>
   </qmcsystem><mcwalkerset fileroot="dmc.g003.s001" node="-1" nprocs="2" version="3 9" collected="yes"/>
   <qmc method="vmc" move="pbyp">
      <parameter name="walkers">    1               </parameter>
      <parameter name="warmupSteps">    100             </parameter>
      <parameter name="blocks">    800             </parameter>
      <parameter name="steps">    1               </parameter>
      <parameter name="subSteps">    4               </parameter>
      <parameter name="timestep">    0.3             </parameter>
      <parameter name="stepsbetweensamples">    1               </parameter>
      <parameter name="samplesperthread">    150             </parameter>
   </qmc>
   <qmc method="dmc" move="pbyp">
      <parameter name="warmupSteps">    200             </parameter>
      <parameter name="blocks">    600             </parameter>
      <parameter name="steps">    10              </parameter>
      <parameter name="timestep">    0.01            </parameter>
      <parameter name="nonlocalmoves">    yes             </parameter>
   </qmc>
</simulation>
