<?xml version="1.0" encoding="utf-8"?>
<state><branchmode>0000001100</branchmode><vparam><tau>0.29999999999999999</tau><taueff>0.29999999999999999</taueff><etrial>-1453.6713335820793</etrial><eref>-1453.6713335820793</eref><branchmax>1</branchmax><branchcutoff>1</branchcutoff><branchfilter>1</branchfilter><sigma>1</sigma><acc_energy>36.478526580466969</acc_energy><acc_samples>-1453.6713335820793</acc_samples></vparam><iparam><warmupsteps>100</warmupsteps><energyupdateinterval>1</energyupdateinterval><counter>0</counter><targetwalkers>12000</targetwalkers><maxwalkers>80</maxwalkers><minwalkers>80</minwalkers><brnachinterval>1</brnachinterval></iparam><energy><value>-1453.6713335820793</value><value_squared>2113160.3460783008</value_squared><weight>1</weight></energy><variance><value>0</value><value_squared>0</value_squared><weight>0</weight></variance><r2accepted><value>1e-10</value><value_squared>1.0000000000000001e-20</value_squared><weight>1</weight></r2accepted><r2proposed><value>1e-10</value><value_squared>1.0000000000000001e-20</value_squared><weight>1</weight></r2proposed></state>