<?xml version="1.0" encoding="utf-8"?>
<state><branchmode>0000001111</branchmode><vparam><tau>0.01</tau><taueff>0.0098932990637275956</taueff><etrial>-1454.7823724139189</etrial><eref>-1454.8083742164579</eref><branchmax>-1454.7474333358898</branchmax><branchcutoff>375</branchcutoff><branchfilter>250</branchfilter><sigma>0.0080000000000000002</sigma><acc_energy>40.117478662289805</acc_energy><acc_samples>-8439343.3178887926</acc_samples></vparam><iparam><warmupsteps>0</warmupsteps><energyupdateinterval>1</energyupdateinterval><counter>1</counter><targetwalkers>12000</targetwalkers><maxwalkers>12001</maxwalkers><minwalkers>1201</minwalkers><brnachinterval>1</brnachinterval></iparam><energy><value>-8439343.3178887926</value><value_squared>12277627268.198154</value_squared><weight>5801</weight></energy><variance><value>239453.40630217351</value><value_squared>9599255.5086629894</value_squared><weight>6001</weight></variance><r2accepted><value>898630902.96629107</value><value_squared>134665998953324.91</value_squared><weight>6001</weight></r2accepted><r2proposed><value>908322792.20285201</value><value_squared>137586458849746.59</value_squared><weight>6001</weight></r2proposed></state>