<?xml version="1.0" encoding="utf-8"?>
<state><branchmode>0000001100</branchmode><vparam><tau>0.29999999999999999</tau><taueff>0.29999999999999999</taueff><etrial>-1452.3623894693769</etrial><eref>-1452.3623894693769</eref><branchmax>1</branchmax><branchcutoff>1</branchcutoff><branchfilter>1</branchfilter><sigma>1</sigma><acc_energy>38.007031673565507</acc_energy><acc_samples>-1452.3623894693769</acc_samples></vparam><iparam><warmupsteps>100</warmupsteps><energyupdateinterval>1</energyupdateinterval><counter>0</counter><targetwalkers>4800</targetwalkers><maxwalkers>32</maxwalkers><minwalkers>32</minwalkers><brnachinterval>1</brnachinterval></iparam><energy><value>-1452.3623894693769</value><value_squared>2109356.5103451982</value_squared><weight>1</weight></energy><variance><value>0</value><value_squared>0</value_squared><weight>0</weight></variance><r2accepted><value>1e-10</value><value_squared>1.0000000000000001e-20</value_squared><weight>1</weight></r2accepted><r2proposed><value>1e-10</value><value_squared>1.0000000000000001e-20</value_squared><weight>1</weight></r2proposed></state>