<?xml version="1.0" encoding="utf-8"?>
<state><branchmode>0000001111</branchmode><vparam><tau>0.01</tau><taueff>0.0098933327024242033</taueff><etrial>-1454.8218656189385</etrial><eref>-1454.810678429548</eref><branchmax>-1455.011596301297</branchmax><branchcutoff>375</branchcutoff><branchfilter>250</branchfilter><sigma>0.0080000000000000002</sigma><acc_energy>39.541945242177029</acc_energy><acc_samples>-15204226.60118508</acc_samples></vparam><iparam><warmupsteps>0</warmupsteps><energyupdateinterval>1</energyupdateinterval><counter>1</counter><targetwalkers>4800</targetwalkers><maxwalkers>4801</maxwalkers><minwalkers>481</minwalkers><brnachinterval>1</brnachinterval></iparam><energy><value>-15204226.60118508</value><value_squared>22119271629.361855</value_squared><weight>10451</weight></energy><variance><value>426711.51494867355</value><value_squared>17346312.652567841</value_squared><weight>10651</weight></variance><r2accepted><value>642564033.65886819</value><value_squared>38824251633546.383</value_squared><weight>10651</weight></r2accepted><r2proposed><value>649491989.18724132</value><value_squared>39665941433589.297</value_squared><weight>10651</weight></r2proposed></state>