<?xml version="1.0"?>
<resources>
  <hardware>
    <mpi_size>2</mpi_size>
    <mpi>true</mpi>
    <openmp_threads>16</openmp_threads>
    <openmp>true</openmp>
    <gpu>false</gpu>
  </hardware>
  <timing>
    <max_stack_level_exceeded>no</max_stack_level_exceeded>
    <max_timers_exceeded>no</max_timers_exceeded>
    <timer>
      <name>Total</name>
      <time_incl>359657</time_incl>
      <time_excl>0.000185966</time_excl>
      <calls>1</calls>
      <includes>
        <timer>
          <name>DMC</name>
          <time_incl>359091</time_incl>
          <time_excl>359091</time_excl>
          <calls>1</calls>
        </timer>
        <timer>
          <name>Startup</name>
          <time_incl>226.017</time_incl>
          <time_excl>226.017</time_excl>
          <calls>1</calls>
        </timer>
        <timer>
          <name>VMC</name>
          <time_incl>340.387</time_incl>
          <time_excl>340.387</time_excl>
          <calls>1</calls>
        </timer>
      </includes>
    </timer>
  </timing>
  <particles>
    <particle>
      <name>e</name>
      <size>420</size>
    </particle>
    <particle>
      <name>ion0</name>
      <size>48</size>
    </particle>
  </particles>
</resources>
