<?xml version="1.0" encoding="utf-8"?>
<state><branchmode>0000001111</branchmode><vparam><tau>0.01</tau><taueff>0.0098933005475320256</taueff><etrial>-1454.8743495976735</etrial><eref>-1454.8103971857643</eref><branchmax>-1454.6907950680256</branchmax><branchcutoff>375</branchcutoff><branchfilter>250</branchfilter><sigma>0.0080000000000000002</sigma><acc_energy>39.732998126008042</acc_energy><acc_samples>-15276963.861245593</acc_samples></vparam><iparam><warmupsteps>0</warmupsteps><energyupdateinterval>1</energyupdateinterval><counter>1</counter><targetwalkers>4800</targetwalkers><maxwalkers>4801</maxwalkers><minwalkers>481</minwalkers><brnachinterval>1</brnachinterval></iparam><energy><value>-15276963.861245593</value><value_squared>22225085806.889458</value_squared><weight>10501</weight></energy><variance><value>427625.23656526115</value><value_squared>17306944.988767389</value_squared><weight>10701</weight></variance><r2accepted><value>643372770.74455762</value><value_squared>38735525233112.906</value_squared><weight>10701</weight></r2accepted><r2proposed><value>650311559.47754252</value><value_squared>39575563478734.297</value_squared><weight>10701</weight></r2proposed></state>