<?xml version="1.0" encoding="utf-8"?>
<state><branchmode>0000001111</branchmode><vparam><tau>0.01</tau><taueff>0.0098933562297131121</taueff><etrial>-1454.8235603625687</etrial><eref>-1454.8051884968861</eref><branchmax>-1454.8290134738036</branchmax><branchcutoff>375</branchcutoff><branchfilter>250</branchfilter><sigma>0.0080000000000000002</sigma><acc_energy>40.19236801352713</acc_energy><acc_samples>-15480582.034620343</acc_samples></vparam><iparam><warmupsteps>0</warmupsteps><energyupdateinterval>1</energyupdateinterval><counter>1</counter><targetwalkers>4800</targetwalkers><maxwalkers>4801</maxwalkers><minwalkers>481</minwalkers><brnachinterval>1</brnachinterval></iparam><energy><value>-15480582.034620343</value><value_squared>22521231219.83535</value_squared><weight>10641</weight></energy><variance><value>433048.59909138735</value><value_squared>17524511.799042627</value_squared><weight>10841</weight></variance><r2accepted><value>643300940.80244994</value><value_squared>38233558034431.078</value_squared><weight>10841</weight></r2accepted><r2proposed><value>650235295.14726102</value><value_squared>39062274372790.133</value_squared><weight>10841</weight></r2proposed></state>