<?xml version="1.0" encoding="utf-8"?>
<state><branchmode>0000001111</branchmode><vparam><tau>0.01</tau><taueff>0.0098933278238728661</taueff><etrial>-1454.8155339932202</etrial><eref>-1454.7908413806299</eref><branchmax>-1454.7934683296464</branchmax><branchcutoff>375</branchcutoff><branchfilter>250</branchfilter><sigma>0.0080000000000000002</sigma><acc_energy>39.838582391720912</acc_energy><acc_samples>-15305854.444792558</acc_samples></vparam><iparam><warmupsteps>0</warmupsteps><energyupdateinterval>1</energyupdateinterval><counter>1</counter><targetwalkers>4800</targetwalkers><maxwalkers>4801</maxwalkers><minwalkers>481</minwalkers><brnachinterval>1</brnachinterval></iparam><energy><value>-15305854.444792558</value><value_squared>22266816986.633797</value_squared><weight>10521</weight></energy><variance><value>428061.15567866713</value><value_squared>17314063.75147127</value_squared><weight>10721</weight></variance><r2accepted><value>642182106.88939059</value><value_squared>38530939691019.273</value_squared><weight>10721</weight></r2accepted><r2proposed><value>649106264.66838372</value><value_squared>39366331529065.266</value_squared><weight>10721</weight></r2proposed></state>