<?xml version="1.0" encoding="utf-8"?>
<state><branchmode>0000001100</branchmode><vparam><tau>0.01</tau><taueff>1</taueff><etrial>-1523.6259557633134</etrial><eref>-1523.6259557633134</eref><branchmax>1</branchmax><branchcutoff>1</branchcutoff><branchfilter>1</branchfilter><sigma>1</sigma><acc_energy>40.772941252663834</acc_energy><acc_samples>-1523.6259557633134</acc_samples></vparam><iparam><warmupsteps>200</warmupsteps><energyupdateinterval>1</energyupdateinterval><counter>0</counter><targetwalkers>12000</targetwalkers><maxwalkers>80</maxwalkers><minwalkers>80</minwalkers><brnachinterval>1</brnachinterval></iparam><energy><value>-1523.6259557633134</value><value_squared>2321436.0530756703</value_squared><weight>1</weight></energy><variance><value>0</value><value_squared>0</value_squared><weight>0</weight></variance><r2accepted><value>1e-10</value><value_squared>1.0000000000000001e-20</value_squared><weight>1</weight></r2accepted><r2proposed><value>1e-10</value><value_squared>1.0000000000000001e-20</value_squared><weight>1</weight></r2proposed></state>