<?xml version="1.0"?>
<simulation>
   <project id="dmc" series="0">
      <application name="qmcpack" role="molecu" class="serial" version="1.0"/>
   </project>
   <qmcsystem>
      <simulationcell>
         <parameter name="lattice" units="bohr">
                 23.97207068        0.00000000        0.00000000
                -29.96508970       31.14063561        0.00000000
                  0.00000000        0.00000000       51.93957086
         </parameter>
         <parameter name="bconds">
            p p p
         </parameter>
         <parameter name="LR_dim_cutoff"       >    30                 </parameter>
         <parameter name="LR_handler"          >    ewald              </parameter>
      </simulationcell>
      <particleset name="e" random="yes">
         <group name="u" size="228" mass="1.0">
            <parameter name="charge"              >    -1                    </parameter>
            <parameter name="mass"                >    1.0                   </parameter>
         </group>
         <group name="d" size="192" mass="1.0">
            <parameter name="charge"              >    -1                    </parameter>
            <parameter name="mass"                >    1.0                   </parameter>
         </group>
      </particleset>
      <particleset name="ion0">
         <group name="Cr" size="12" mass="94782.90965410302">
            <parameter name="charge"              >    14                    </parameter>
            <parameter name="valence"             >    14                    </parameter>
            <parameter name="atomicnumber"        >    24                    </parameter>
            <parameter name="mass"                >    94782.90965410302            </parameter>
            <attrib name="position" datatype="posArray" condition="0">
                     0.00000000        0.00000000        6.45226971
                     5.99302681        3.46006609        6.45159869
                    11.98603534        0.00000000        6.45226971
                    17.97906215        3.46006609        6.45159869
                    -5.99301812       10.38021187        6.45226971
                     0.00000869       13.84027796        6.45159869
                     5.99301722       10.38021187        6.45226971
                   -11.98602665       13.84027796        6.45159869
                   -11.98603624       20.76042374        6.45226971
                    -5.99300943       24.22048983        6.45159869
                    -0.00000090       20.76042374        6.45226971
                   -17.97904477       24.22048983        6.45159869
            </attrib>
         </group>
         <group name="Br" size="36" mass="145656.08148706527">
            <parameter name="charge"              >    7                     </parameter>
            <parameter name="valence"             >    7                     </parameter>
            <parameter name="atomicnumber"        >    35                    </parameter>
            <parameter name="mass"                >    145656.08148706527            </parameter>
            <attrib name="position" datatype="posArray" condition="0">
                     9.87267422        3.25924959        3.73471766
                     3.87926770        0.20060424        3.73471766
                     4.22710423        6.92036481        3.73471766
                     8.10637708        0.20082663        9.16909850
                     2.11374163        3.25947233        9.16909850
                     7.75892658        6.91991995        9.16909850
                    -2.11336112        3.25924959        3.73471766
                    15.86530304        0.20060424        3.73471766
                    16.21313957        6.92036481        3.73471766
                    20.09241242        0.20082663        9.16909850
                    14.09977697        3.25947233        9.16909850
                    -4.22710876        6.91991995        9.16909850
                     3.87965610       13.63946146        3.73471766
                    -2.11375042       10.58081611        3.73471766
                    -1.76591389       17.30057668        3.73471766
                     2.11335896       10.58103850        9.16909850
                    -3.87927649       13.63968420        9.16909850
                     1.76590846       17.30013182        9.16909850
                    -8.10637924       13.63946146        3.73471766
                     9.87228492       10.58081611        3.73471766
                   -13.75194923       17.30057668        3.73471766
                    -9.87267638       10.58103850        9.16909850
                     8.10675885       13.63968420        9.16909850
                   -10.22012688       17.30013182        9.16909850
                    -2.11336202       24.01967333        3.73471766
                    -8.10676854       20.96102798        3.73471766
                    -7.75893201       27.68078855        3.73471766
                    -3.87965916       20.96125037        9.16909850
                    -9.87229461       24.01989607        9.16909850
                    -4.22710966       27.68034369        9.16909850
                   -14.09939736       24.01967333        3.73471766
                   -20.09280388       20.96102798        3.73471766
                   -19.74496735       27.68078855        3.73471766
                   -15.86569450       20.96125037        9.16909850
                   -21.85832995       24.01989607        9.16909850
                   -16.21314500       27.68034369        9.16909850
            </attrib>
         </group>
      </particleset>
      <wavefunction name="psi0" target="e">
         <sposet_builder type="bspline" href="../nscf-twod-20-1.0-6.0/pwscf_output/pwscf.pwscf.h5" tilematrix="2 0 0 -1 3 0 0 0 1" twistnum="0" source="ion0" version="0.10" meshfactor="1.0" precision="float" truncate="no">
            <sposet type="bspline" name="spo_u" size="228" spindataset="0"/>
            <sposet type="bspline" name="spo_d" size="192" spindataset="1"/>
         </sposet_builder>
         <determinantset>
            <slaterdeterminant>
               <determinant id="updet" group="u" sposet="spo_u" size="228"/>
               <determinant id="downdet" group="d" sposet="spo_d" size="192"/>
            </slaterdeterminant>
         </determinantset>
         <jastrow type="One-Body" name="J1" function="bspline" source="ion0" print="yes">
            <correlation elementType="Cr" size="8" rcut="11.985035340000001" cusp="0.0">
               <coefficients id="eCr" type="Array">                  
-4.92955776 -3.369946625 -2.062727416 -1.227016267 -0.7266152477 -0.3965266158 
-0.1919144891 -0.05709480381
               </coefficients>
            </correlation>
            <correlation elementType="Br" size="8" rcut="11.985035340000001" cusp="0.0">
               <coefficients id="eBr" type="Array">                  
-1.715191531 -1.386861113 -0.9628044313 -0.617911716 -0.3738566478 -0.1978193322 
-0.09476471303 -0.03328171832
               </coefficients>
            </correlation>
         </jastrow>
         <jastrow type="Two-Body" name="J2" function="bspline" print="yes">
            <correlation speciesA="u" speciesB="u" size="8" rcut="11.985035340000001">
               <coefficients id="uu" type="Array">                  
0.5017237553 0.281552153 0.1565719315 0.08977817502 0.05305365178 0.02979679195 
0.01394203193 0.004068086808
               </coefficients>
            </correlation>
            <correlation speciesA="u" speciesB="d" size="8" rcut="11.985035340000001">
               <coefficients id="ud" type="Array">                  
0.5609883188 0.2950929185 0.1531194124 0.08940513286 0.05064046609 0.02689807619 
0.01312288047 0.004713526011
               </coefficients>
            </correlation>
         </jastrow>
      </wavefunction>
      <hamiltonian name="h0" type="generic" target="e">
         <pairpot type="coulomb" name="ElecElec" source="e" target="e"/>
         <pairpot type="coulomb" name="IonIon" source="ion0" target="ion0"/>
         <pairpot type="pseudo" name="PseudoPot" source="ion0" wavefunction="psi0" format="xml">
            <pseudo elementType="Br" href="Br.ccECP.xml"/>
            <pseudo elementType="Cr" href="Cr.opt.xml"/>
         </pairpot>
      </hamiltonian>
   </qmcsystem>
   <qmc method="vmc" move="pbyp">
      <parameter name="walkers"             >    1               </parameter>
      <parameter name="warmupSteps"         >    100             </parameter>
      <parameter name="blocks"              >    800             </parameter>
      <parameter name="steps"               >    1               </parameter>
      <parameter name="subSteps"            >    4               </parameter>
      <parameter name="timestep"            >    1.0             </parameter>
      <parameter name="stepsbetweensamples" >    1               </parameter>
      <parameter name="samplesperthread"    >    150             </parameter>
   </qmc>
   <qmc method="dmc" move="pbyp">
      <parameter name="warmupSteps"         >    200             </parameter>
      <parameter name="blocks"              >    6000            </parameter>
      <parameter name="steps"               >    10              </parameter>
      <parameter name="timestep"            >    0.01            </parameter>
      <parameter name="nonlocalmoves"       >    yes             </parameter>
   </qmc>
</simulation>
